oIMDb,rIMDb
tt0057212,tt1436045
tt0053559,tt0245674
tt0475169,tt0798817
tt1187043,tt2180477
tt0050086,tt0381849
tt0057809,tt0096977
tt0026029,tt0053354
tt0018379,tt0029539
tt0425735,tt11686638
tt0083578,tt5489004
tt0054594,tt0119137
tt0092513,tt4456850
tt0050105,tt0139065
tt0103639,tt6139732
tt0060086,tt0375173
tt0078767,tt0384806
tt0048947,tt0118617
tt0065398,tt1391034
tt0043286,tt0109127
tt0411118,tt1243957
tt0082479,tt0202233
tt1217637,tt1458175
tt0115561,tt0324554
tt0090655,tt0090655
tt0048960,tt0327437
tt0069729,tt0284867
tt0082031,tt1334512
tt0074156,tt0398712
tt0051380,tt0106317
tt0411131,tt0959328
tt0028597,tt0028597
tt0022651,tt0033365
tt0074174,tt0408524
tt0048977,tt0088766
tt0033373,tt0040820
tt0814022,tt0814022
tt0066811,tt0112457
tt0018674,tt0037640
tt0024865,tt0050169
tt0016629,tt0020668
tt0003665,tt0018678
tt0101414,tt2771200
tt0061391,tt0230030
tt0057878,tt0095031
tt0016641,tt0052618
tt0049006,tt1183251
tt0040160,tt0093640
tt0052216,tt0087096
tt0920457,tt1525323
tt0039190,tt0117372
tt0071222,tt0454082
tt0071222,tt10481868
tt0071230,tt4428398
tt2025506,tt3568002
tt0051418,tt0094761
tt0020697,tt0052638
tt0069815,tt0093145
tt0042276,tt0106466
tt0022718,tt0090966
tt0053472,tt0085276
tt0003698,tt0011998
tt0003698,tt0017158
tt0003698,tt0023841
tt0003698,tt0037557
tt0003698,tt0055523
tt0003698,tt0088850
tt0003698,tt4809638  
tt0068315,tt0289873
tt0901476,tt3833460
tt1233192,tt1233192
tt0024916,tt0042893
tt0386342,tt0765010
tt0029950,tt0051436
tt0052655,tt0112594
tt0049012,tt0088810
tt0303816,tt3832096
tt0010323,tt0441741
tt0077288,tt0115685
tt0092718,tt0337592
tt0055824,tt0101540
tt0052672,tt0067292
tt0055830,tt0120627
tt0055830,tt1939659
tt0074285,tt0319970
tt0017739,tt0020748
tt0017739,tt0031143
tt0017739,tt0077304
tt0034587,tt0083722
tt0021730,tt0078950
tt0021730,tt0044503
tt0056923,tt0270707
tt0070016,tt0413895
tt0042327,tt0349205
tt0042327,tt6705162
tt0035733,tt0371606
tt0094862,tt8663516
tt0882759,tt6448784
tt0882759,tt1612046
tt0039266,tt0090838
tt0037595,tt0103961
tt0042332,tt1661199
tt0082186,tt0800320
tt0867145,tt1018698
tt0085354,tt0119109
tt0065566,tt0112709
tt0347330,tt11083552
tt0035753,tt0043251
tt0072826,tt0097116
tt0069895,tt0455407
tt0041268,tt0114788
tt6093500,tt0158047
tt0042378,tt0094933
tt0031210,tt0057531
tt0308379,tt0382628
tt0077402,tt0363547
tt0020815,tt0030044
tt0088993,tt0489018
tt0088993,tt3053228
tt0069947,tt0119395
tt0043456,tt0970416
tt0795368,tt1321509
tt0075921,tt3605418
tt26487736,tt0452608
tt0025037,tt0119643
tt0071402,tt1137450
tt0990427,tt1226753
tt0051525,tt0051525
tt0046905,tt0051482
tt0047985,tt0099409
tt0031225,tt0042482
tt0031225,tt0046906
tt0060305,tt0795370
tt0046911,tt0116095
tt0046912,tt0335041
tt0046912,tt0082265
tt0046912,tt0120787
tt6192660,tt0093010
tt1196141,tt13834480
tt1650043,tt15847828
tt0077451,tt0281391
tt0077451,tt0364236
tt0077451,tt0292239
tt0077451,tt0461936
tt0077451,tt0920457
tt0077452,tt0084210
tt11286314,tt4289298
tt1147511,tt5544700
tt1147528,tt1851909
tt1147517,tt0802983
tt1147518,tt1260351
tt0313990,tt0313990
tt1147515,tt1264885
tt0036775,tt0070000
tt0022835,tt0033553
tt0013086,tt0099445
tt0033563,tt3861390
tt0087525,tt21386200
tt0087525,tt1160419
tt0111797,tt0255653
tt0090424,tt1226273
tt0072934,tt0082111
tt0319343,tt4147830
tt0072951,tt0112985
tt0083907,tt1288558
tt0250258,tt0997152
tt0325655,tt0443594
tt0325655,tt0406759
tt0080716,tt1395079
tt0026338,tt0045752
tt0042451,tt0101862
tt0042451,tt13249596
tt0043526,tt0113041
tt0118379,tt0101463
tt0118379,tt0107843
tt0030128,tt3411444
tt0077549,tt0411270
tt0106918,tt1313113
tt0087262,tt1798632
tt0031314,tt0179948
tt0031314,tt0048975
tt0099582,tt2039338
tt0059183,tt0377062
tt0057063,tt0116322
tt0051622,tt0091064
tt0080749,tt0432291
tt0026373,tt0034273
tt0026373,tt0043882
tt0087277,tt1068242
tt0035230,tt0049785
tt0035230,tt0114887
tt0087291,tt1142977
tt0076054,tt0113112
tt0076054,tt0322330
tt0076054,tt7631348
tt0076054,tt10919380
tt0020902,tt0029401
tt0020902,tt0037492
tt0089175,tt1438176
tt0021890,tt0032599
tt0021890,tt0071524
tt0021890,tt0096203
tt0091093,tt0098471
tt0076059,tt0369441
tt0119167,tt0808279
tt0060445,tt0404978
tt0071532,tt2039393
tt0082436,tt0164212
tt0031359,tt0036855
tt0017925,tt0040825
tt0067128,tt0208988
tt0080798,tt0120683
tt0068646,tt0307453
tt0068646,tt1281838
tt0079219,tt2568862
tt0005402,tt0012187
tt0071571,tt5285622
tt0024073,tt0050450
tt0076095,tt0076095
tt0093111,tt0102631
tt0033680,tt0147599
tt0033680,tt0045182
tt0074592,tt0460812
tt0061735,tt0372237
tt6742252,tt9421570
tt0031398,tt0056470
tt0035959,tt0096794
tt0077651,tt0373883
tt3384854,tt0027515
tt0056058,tt1728196
tt0057129,tt0171363
tt0093164,tt2231253
tt0068687,tt0408839
tt0093177,tt0887261
tt0044706,tt0244536
tt0033717,tt0041253
tt0033717,tt0048190
tt0077681,tt0454841
tt0211413,tt0446463
tt0032599,tt0096203
tt0010258,tt0017078
tt0091209,tt0455960
tt0107121,tt0116502
tt0170016,tt2709692
tt0020985,tt0030241
tt0041473,tt0116544
tt0048104,tt0058453
tt0024139,tt0037640
tt0045888,tt0397065
tt0051744,tt0185371
tt11096406,tt1232783
tt0041487,tt0046808
tt0051746,tt0281919
tt0080904,tt0117506
tt0239096,tt0239096
tt0029030,tt0079319
tt0277027,tt0444874
tt0051756,tt0162999
tt0059297,tt0095344
tt0077713,tt1242432
tt0051758,tt0085710
tt0023634,tt0053134
tt0077716,tt1411276
tt0057180,tt0107131
tt0111543,tt0119432
tt0338564,tt0407887
tt0026529,tt0063748
tt0077735,tt0795403
tt0079336,tt0314786
tt0119375,tt0278504
tt0027796,tt0031491
tt0360674,tt0480269
tt1675434,tt9730752
tt0045917,tt0091276
tt0049366,tt0077745
tt0049366,tt0106452
tt0049366,tt0427392
tt0039502,tt5295386
tt0039502,tt0125204
tt0039502,tt0154413
tt0025316,tt0037685
tt0025316,tt0049973
tt0033766,tt0058222
tt0064505,tt0317740
tt0071675,tt1172060
tt0038650,tt0076213
tt0018037,tt0044765
tt0018037,tt0080948
tt0034920,tt0052629
tt0074720,tt0084809
tt0031514,tt0039581
tt0034922,tt0073213
tt0034928,tt0061852
tt0034928,tt0458419
tt0034928,tt3040964
tt0375878,tt0475591
tt0087538,tt1155076
tt0024216,tt0074751
tt0024216,tt0158780
tt0024216,tt0360717
tt0036984,tt0048260
tt0039536,tt0051612
tt0039536,tt0113552
tt7624456,tt7702382
tt0079417,tt7653254
tt0097700,tt0113277
tt0048280,tt8096832
tt0024240,tt0055312
tt0048281,tt0335245
tt0030341,tt0079428
tt0456144,tt0944233
tt0073260,tt1410205
tt0042665,tt0408985
tt0068833,tt0844708
tt0265930,tt0434139
tt0015051,tt0024189
tt0058700,tt0067525
tt0023117,tt0052992
tt0050625,tt0058165
tt1139797,tt1228987
tt0032701,tt0039937
tt0041587,tt0089478
tt0087622,tt0265086
tt0110357,tt6105098
tt0021079,tt0069792
tt0046004,tt0418835
tt5971474,tt5971474
tt0025410,tt0041902
tt0054033,tt0091419
tt0926762,tt1606789
tt0926762,tt1850397
tt1194616,tt1592873
tt0018097,tt0026685
tt0071771,tt0291341
tt0071771,tt0398165
tt0051878,tt0089500
tt0029162,tt0070337
tt0110390,tt0131369
tt0031593,tt0050105
tt0031593,tt0110391
tt0029165,tt0040870
tt0239608,tt0231816
tt0239608,tt4139928
tt0022100,tt0043766
tt0022183,tt0051964
tt0054047,tt0080421
tt0054047,tt2404435
tt0035019,tt0048822
tt0025452,tt0049470
tt0076155,tt0085891
tt0056218,tt0368008
tt0214915,tt1339248
tt0214915,tt0449869
tt0214915,tt1339353
tt0214915,tt0995031
tt0282599,tt0410297
tt0017120,tt0040568
tt0025478,tt0026319
tt1029234,tt1663655
tt0024314,tt0030026
tt0031647,tt0037903
tt0068931,tt0472399
tt0015131,tt0023175
tt0339385,tt1667862
tt0054084,tt0081158
tt0041650,tt0120751
tt2659414,tt10431500
tt2659414,tt10431500
tt2659414,tt11799822
tt0037077,tt0052141
tt0039628,tt0070395
tt0039628,tt0110527
tt0010466,tt0023228
tt3516378,tt4344878
tt3516378,tt5265702
tt0064990,tt0218922
tt0031604,tt0095654
tt0036172,tt0061170
tt0246772,tt0481141
tt0081186,tt1434435
tt0040613,tt0091541
tt0027996,tt0280590
tt0031679,tt0075754
tt0120762,tt4566758
tt0023245,tt0120616
tt0023245,tt2345759
tt0374887,tt0408181
tt0021165,tt0021128
tt0056262,tt0056262
tt0082782,tt1179891
tt0110612,tt0110612
tt0029284,tt0217055
tt0029284,tt0057329
tt0091584,tt4131800
tt0028010,tt0028010
tt0037932,tt0092842
tt0035105,tt0048401
tt0024368,tt0045888
tt1244097,tt0232169
tt1244097,tt9740272
tt1997455,tt1637995
tt1997455,tt5612402
tt1997455,tt1822235
tt1997455,tt2706264
tt0348853,tt1352824
tt0110631,tt0119791
tt0110646,tt0113986
tt0042788,tt0105001
tt0029310,tt0058401
tt0093624,tt1268809
tt0063350,tt0100258
tt0063350,tt0489244
tt0087800,tt1179056
tt0247586,tt0362526
tt0013442,tt0079641
tt0050778,tt0095756
tt0050778,tt0114004
tt0247586,tt0362526
tt0247586,tt1645757
tt0247586,tt2454836
tt0057372,tt0117218
tt0455663,tt0485486
tt0455663,tt3412778
tt0455663,tt0431308
tt0455663,tt1431325
tt0455663,tt1587426
tt0455663,tt3412034
tt0455663,tt2357926
tt0054135,tt0240772
tt0023293,tt0057379
tt0364569,tt1321511
tt0075005,tt0466909
tt0053137,tt0053137
tt0055254,tt0115433
tt0046072,tt0046072
tt0046072,tt0110518
tt0479968,tt0479968
tt0024414,tt0034236
tt0125659,tt0259711
tt0062083,tt0102603
tt7905548,tt0057997
tt0066193,tt0129280
tt0039689,tt0086859
tt0093693,tt1563742
tt0250979,tt0232291
tt0040679,tt0063591
tt0070511,tt9332984
tt0076852,tt0088414
tt0055277,tt0120783
tt0093668,tt0446013
tt0029453,tt0029855
tt0084555,tt0110538
tt0076538,tt2788732
tt0098084,tt0837563
tt24907042,tt0012364
tt0016220,tt0206442
tt0016220,tt0036261
tt0016220,tt0056347
tt0016220,tt0098090
tt0016220,tt0119889
tt0032904,tt0049314
tt0032910,tt1488589
tt0078087,tt0114137
tt0078087,tt0464154
tt0078087,tt1714203
tt0063442,tt0133152
tt0062133,tt0079722
tt0102685,tt2058673
tt0084516,tt1029360
tt0190641,tt8856470
tt0816258,tt1451409
tt0816258,tt1084972
tt0816258,tt1651934
tt0069113,tt0419358
tt0069113,tt0409182
tt0167950,tt0034509
tt0034063,tt0048197
tt0063456,tt0117379
tt0029442,tt0045053
tt0048513,tt0110443
tt0072037,tt0105323
tt0081383,tt0926129
tt0054215,tt0155975
tt0286751,tt0454919
tt0117437,tt26424401
tt0049656,tt0117438
tt0042876,tt0058437
tt0047396,tt0166322
tt1038988,tt1082868
tt0087985,tt1234719
tt0023382,tt0046085
tt0026922,tt0035167
tt0178868,tt0298130
tt0093870,tt1234721
tt0073629,tt1267299
tt0073631,tt0246894
tt0046250,tt0093877
tt0055382,tt0311730
tt0023410,tt0040799
tt0026955,tt0042447
tt0258100,tt0411815
tt0049697,tt0111033
tt0047437,tt0114319
tt0036323,tt0044828
tt0036323,tt0114324
tt0070633,tt0203088
tt1360795,tt5936462
tt0023427,tt0086250
tt0054279,tt0462519
tt0267913,tt3152592
tt0039808,tt0359950
tt1305806,tt1741273
tt0038922,tt0051657
tt0038922,tt0088087
tt0016332,tt0120596
tt0047478,tt0054047
tt0047478,tt2404435
tt0036342,tt0052245
tt0036342,tt0102896
tt24531430,tt0111146
tt0117615,tt0358135
tt0093952,tt0105379
tt0023458,tt0035125
tt0023458,tt0043912
tt0248428,tt14984074
tt0248428,tt0831816
tt0073707,tt0473310
tt0033045,tt0041507
tt0375063,tt1236373
tt0423195,tt0897347
tt0069922,tt0758737
tt0282599,tt0410297
tt0052225,tt0242898
tt0026389,tt0033095
tt0189219,tt0332831
tt0004635,tt0009650
tt0004635,tt0022428
tt0031971,tt0061024
tt0031971,tt0092003
tt0029606,tt0047522
tt0029606,tt0075265
tt0029606,tt1517451
tt0024610,tt0038116
tt0024610,tt0056526
tt0094035,tt0814335
tt0120686,tt1428459
tt0025929,tt0053390
tt0044079,tt0064760
tt0044079,tt0117244
tt0067800,tt0999913
tt0051028,tt0086809
tt0076786,tt1034415
tt0034251,tt0044859
tt0016409,tt0049815
tt0063661,tt0230838
tt0073817,tt0291502
tt0072251,tt0140594
tt0072251,tt1111422
tt0068655,tt0089543
tt0023551,tt0053335
tt0152930,tt0316732
tt0049833,tt0049833
tt0072271,tt0324216
tt0059793,tt10515520
tt0015400,tt0033152
tt0015400,tt0053625
tt0015400,tt0054013
tt0044121,tt0084787
tt0044121,tt0905372
tt0064165,tt0110146
tt0023583,tt0036189
tt0028356,tt0054743
tt0475756,tt0493389
tt0035432,tt0050964
tt0035432,tt0103080
tt0063688,tt0155267
tt0028356,tt0054743
tt0059800,tt0086006
tt0054387,tt0268695
tt0035446,tt0086450
tt0078405,tt0367153
tt0100802,tt1386703
tt0032049,tt22994962
tt0022495,tt0070823
tt0065126,tt1403865
tt0103103,tt0111503
tt0087520,tt0118001
tt0058694,tt0264323
tt0250797,tt0408837
tt0250797,tt0103080
tt0064323,tt0250797
tt0040919,tt0088326
tt0016473,tt0021505
tt0086525,tt1266036
tt0096163,tt0108473
tt0067927,tt0120430
tt0024736,tt0026361
tt0024736,tt0084865
tt0054443,tt0114852
tt0858492,tt0093428
tt0858492,tt2917382
tt0858492,tt1821607
tt0858492,tt5986568
tt0858492,tt2077833
tt0020556,tt0039082
tt0108500,tt0189192
tt0046268,tt0076740
tt0070895,tt0351977
tt4756248,tt6358914
tt0048801,tt0098625
tt0080130,tt0455857
tt0207201,tt0207201
tt0207201,tt7634968
tt0054469,tt0088395
tt0038250,tt0086582
tt0070917,tt0450345
tt0032128,tt0041341
tt0067992,tt0367594
tt0042046,tt0060185
tt0093191,tt0120632
tt0051201,tt0084911
tt0032138,tt2027255
tt1452798,tt0780653
tt0032143,tt0049578
tt0032143,tt0430770
tt0070904,tt0139809
tt0030989,tt0087866
tt0076935,tt0954990
tt0040978,tt0061832
tt0055630,tt0058461
tt0055630,tt0116830/
tt0063829,tt0443295
tt0051221,tt0067844
